-- psql --file=Models/seeds.sql QueryDashDatabase

TRUNCATE TABLE "Dashes" RESTART IDENTITY;
TRUNCATE TABLE "Panels" RESTART IDENTITY;
TRUNCATE TABLE "PanelAssignments" RESTART IDENTITY;
TRUNCATE TABLE "SavedLinks" RESTART IDENTITY;


INSERT INTO "Dashes" ("UserId", "CreationDate", "Name", "LinksPerPanel") VALUES (1, '2020-01-01 00:02:00', 'FrontEnd', 6);
INSERT INTO "Dashes" ("UserId", "CreationDate", "Name", "LinksPerPanel") VALUES (2, '2020-01-01 00:03:00', 'BackEnd', 6);
INSERT INTO "Dashes" ("UserId", "CreationDate", "Name", "LinksPerPanel") VALUES (1, '2020-01-01 00:04:00', 'Shopping', 8);
INSERT INTO "Dashes" ("UserId", "CreationDate", "Name", "LinksPerPanel") VALUES (2, '2020-01-01 00:05:00', 'Programming', 10);

-------------------------------------------------------------

INSERT INTO "Panels" ("CreationDate", "FilterSite", "FilterSiteName") VALUES ('2020-01-01 00:03:05','developer.mozilla.org/en-US/', 'MDN Web Docs');
INSERT INTO "Panels" ("CreationDate", "FilterSite", "FilterSiteName") VALUES ('2020-01-01 00:03:15','css-tricks.com/', 'CSS-Tricks');
INSERT INTO "Panels" ("CreationDate", "FilterSite", "FilterSiteName") VALUES ('2020-01-01 00:03:25','stackoverflow.com/questions/tagged/javascript', 'Tagged Questions - Javascript');
INSERT INTO "Panels" ("CreationDate", "FilterSite", "FilterSiteName") VALUES ('2020-01-01 00:03:35', 'stackoverflow.com/questions/tagged/css', 'Tagged Questions - Css');
INSERT INTO "Panels" ("CreationDate", "FilterSite", "FilterSiteName") VALUES ('2020-01-01 00:03:45', 'stackoverflow.com/questions/tagged/html', 'Questions tagged - Html');

INSERT INTO "Panels" ("CreationDate", "FilterSite", "FilterSiteName") VALUES ('2020-01-01 00:04:05', 'docs.microsoft.com/en-us/dotnet/csharp/', 'C# Documentation');
INSERT INTO "Panels" ("CreationDate", "FilterSite", "FilterSiteName") VALUES ('2020-01-01 00:04:15', 'stackoverflow.com/questions/tagged/c%23', 'Tagged Questions-c#');
INSERT INTO "Panels" ( "CreationDate", "FilterSite", "FilterSiteName") VALUES ('2020-01-01 00:04:25', 'handbook.suncoast.io/', 'SDG Handbook');

INSERT INTO "Panels" ("CreationDate", "FilterSite", "FilterSiteName") VALUES ('2020-01-01 00:05:05', 'kohls.com', 'Kohls');
INSERT INTO "Panels" ("CreationDate", "FilterSite", "FilterSiteName") VALUES ('2020-01-01 00:05:10', 'target.com', 'Target');
INSERT INTO "Panels" ("CreationDate", "FilterSite", "FilterSiteName") VALUES ('2020-01-01 00:05:15', 'jcpenney.com', 'JCPenney');
INSERT INTO "Panels" ("CreationDate", "FilterSite", "FilterSiteName") VALUES ('2020-01-01 00:05:25', 'beallsflorida.com', 'Bealls Florida');
INSERT INTO "Panels" ("CreationDate", "FilterSite", "FilterSiteName") VALUES ('2020-01-01 00:05:30', 'macys.com', 'Macys');
INSERT INTO "Panels" ("CreationDate", "FilterSite", "FilterSiteName") VALUES ('2020-01-01 00:05:35', 'www.marshalls.com/us/store/', 'Marshalls');

-------------------------------------------------------------

INSERT INTO "PanelAssignments" ("PanelId", "DashId") VALUES (1, 1);
INSERT INTO "PanelAssignments" ("PanelId", "DashId") VALUES (2, 1);
INSERT INTO "PanelAssignments" ("PanelId", "DashId") VALUES (3, 1);
INSERT INTO "PanelAssignments" ("PanelId", "DashId") VALUES (4, 1);
INSERT INTO "PanelAssignments" ("PanelId", "DashId") VALUES (5, 1);

INSERT INTO "PanelAssignments" ("PanelId", "DashId") VALUES (6, 2);
INSERT INTO "PanelAssignments" ("PanelId", "DashId") VALUES (7, 2);
INSERT INTO "PanelAssignments" ("PanelId", "DashId") VALUES (8, 2);

INSERT INTO "PanelAssignments" ("PanelId", "DashId") VALUES (9, 3);
INSERT INTO "PanelAssignments" ("PanelId", "DashId") VALUES (10, 3);
INSERT INTO "PanelAssignments" ("PanelId", "DashId") VALUES (11, 3);
INSERT INTO "PanelAssignments" ("PanelId", "DashId") VALUES (12, 3);
INSERT INTO "PanelAssignments" ("PanelId", "DashId") VALUES (13, 3);
INSERT INTO "PanelAssignments" ("PanelId", "DashId") VALUES (14, 3);

INSERT INTO "PanelAssignments" ("PanelId", "DashId") VALUES (1, 4);
INSERT INTO "PanelAssignments" ("PanelId", "DashId") VALUES (2, 4);
INSERT INTO "PanelAssignments" ("PanelId", "DashId") VALUES (3, 4);
INSERT INTO "PanelAssignments" ("PanelId", "DashId") VALUES (4, 4);
INSERT INTO "PanelAssignments" ("PanelId", "DashId") VALUES (5, 4);
INSERT INTO "PanelAssignments" ("PanelId", "DashId") VALUES (6, 4);
INSERT INTO "PanelAssignments" ("PanelId", "DashId") VALUES (7, 4);
INSERT INTO "PanelAssignments" ("PanelId", "DashId") VALUES (8, 4);

--------------------------------------------------------------

INSERT INTO "SavedLinks" ("IsArchive", "UserId",  "DashId", "QueryUrl", "TimeStamp") VALUES (FALSE, 1, 1, 'https://en.wikipedia.org/wiki/Dog', '2020-01-02 01:01:00');
INSERT INTO "SavedLinks" ("IsArchive", "UserId",  "DashId", "QueryUrl", "TimeStamp") VALUES (TRUE, 1, 1, 'https://en.wikipedia.org/wiki/Cat', '2020-01-02 02:01:00');
INSERT INTO "SavedLinks" ("IsArchive", "UserId",  "DashId", "QueryUrl", "TimeStamp") VALUES (TRUE, 1, 1, 'https://en.wikipedia.org/wiki/Hamster', '2020-01-02 03:01:00');
INSERT INTO "SavedLinks" ("IsArchive", "UserId",  "DashId", "QueryUrl", "TimeStamp") VALUES (TRUE, 1, 1, 'https://en.wikipedia.org/wiki/Owl', '2020-01-02 04:01:00');
INSERT INTO "SavedLinks" ("IsArchive", "UserId",  "DashId", "QueryUrl", "TimeStamp") VALUES (FALSE, 1, 1, 'https://en.wikipedia.org/wiki/Horse', '2020-01-02 05:01:00');
INSERT INTO "SavedLinks" ("IsArchive", "UserId",  "DashId", "QueryUrl", "TimeStamp") VALUES (FALSE, 1, 1, 'https://en.wikipedia.org/wiki/Camel', '2020-01-02 06:01:00');

INSERT INTO "SavedLinks" ("IsArchive", "UserId",  "DashId", "QueryUrl", "TimeStamp") VALUES (FALSE, 2, 2, 'https://en.wikipedia.org/wiki/Dog', '2020-01-03 01:01:00');
INSERT INTO "SavedLinks" ("IsArchive", "UserId",  "DashId", "QueryUrl", "TimeStamp") VALUES (TRUE, 2, 2, 'https://en.wikipedia.org/wiki/Cat', '2020-01-03 02:01:00');
INSERT INTO "SavedLinks" ("IsArchive", "UserId",  "DashId", "QueryUrl", "TimeStamp") VALUES (TRUE, 2, 2, 'https://en.wikipedia.org/wiki/Hamster', '2020-01-03 03:01:00');
INSERT INTO "SavedLinks" ("IsArchive", "UserId",  "DashId", "QueryUrl", "TimeStamp") VALUES (FALSE, 2, 2, 'https://en.wikipedia.org/wiki/Owl', '2020-01-03 04:01:00');
INSERT INTO "SavedLinks" ("IsArchive", "UserId",  "DashId", "QueryUrl", "TimeStamp") VALUES (FALSE, 2, 2, 'https://en.wikipedia.org/wiki/Horse', '2020-01-03 05:01:00');
INSERT INTO "SavedLinks" ("IsArchive", "UserId",  "DashId", "QueryUrl", "TimeStamp") VALUES (TRUE, 2, 2, 'https://en.wikipedia.org/wiki/Camel', '2020-01-03 06:01:00');

INSERT INTO "SavedLinks" ("IsArchive", "UserId",  "DashId", "QueryUrl", "TimeStamp") VALUES (FALSE, 1, 3, 'https://en.wikipedia.org/wiki/Dog', '2020-01-04 01:01:00');
INSERT INTO "SavedLinks" ("IsArchive", "UserId",  "DashId", "QueryUrl", "TimeStamp") VALUES (FALSE, 1, 3, 'https://en.wikipedia.org/wiki/Cat', '2020-01-04 02:01:00');
INSERT INTO "SavedLinks" ("IsArchive", "UserId",  "DashId", "QueryUrl", "TimeStamp") VALUES (TRUE, 1, 3, 'https://en.wikipedia.org/wiki/Hamster', '2020-01-04 03:01:00');
INSERT INTO "SavedLinks" ("IsArchive", "UserId",  "DashId", "QueryUrl", "TimeStamp") VALUES (TRUE, 1, 3, 'https://en.wikipedia.org/wiki/Owl', '2020-01-04 04:01:00');
INSERT INTO "SavedLinks" ("IsArchive", "UserId",  "DashId", "QueryUrl", "TimeStamp") VALUES (FALSE, 1, 3, 'https://en.wikipedia.org/wiki/Horse', '2020-01-04 05:01:00');
INSERT INTO "SavedLinks" ("IsArchive", "UserId",  "DashId", "QueryUrl", "TimeStamp") VALUES (TRUE, 1, 3, 'https://en.wikipedia.org/wiki/Camel', '2020-01-04 06:01:00');

INSERT INTO "SavedLinks" ("IsArchive", "UserId",  "DashId", "QueryUrl", "TimeStamp") VALUES (FALSE, 2, 4, 'https://en.wikipedia.org/wiki/Dog', '2020-01-05 01:01:00');
INSERT INTO "SavedLinks" ("IsArchive", "UserId",  "DashId", "QueryUrl", "TimeStamp") VALUES (TRUE, 2, 4, 'https://en.wikipedia.org/wiki/Cat', '2020-01-05 02:01:00');
INSERT INTO "SavedLinks" ("IsArchive", "UserId",  "DashId", "QueryUrl", "TimeStamp") VALUES (FALSE, 2, 4, 'https://en.wikipedia.org/wiki/Hamster', '2020-01-05 03:01:00');
INSERT INTO "SavedLinks" ("IsArchive", "UserId",  "DashId", "QueryUrl", "TimeStamp") VALUES (TRUE, 2, 4, 'https://en.wikipedia.org/wiki/Owl', '2020-01-05 04:01:00');
INSERT INTO "SavedLinks" ("IsArchive", "UserId",  "DashId", "QueryUrl", "TimeStamp") VALUES (TRUE, 2, 4, 'https://en.wikipedia.org/wiki/Horse', '2020-01-05 05:01:00');
INSERT INTO "SavedLinks" ("IsArchive", "UserId",  "DashId", "QueryUrl", "TimeStamp") VALUES (FALSE, 2, 4, 'https://en.wikipedia.org/wiki/Camel', '2020-01-05 06:01:00');

-------------------------------------------------------------

-- INSERT INTO "Users" ("Name", "Email",  "Password") VALUES ('1', 'test@gmail.com', 'password');
-- INSERT INTO "Users" ("Name", "Email",  "PassWord") VALUES ('2', 'test2@gmail.com', 'password');
-- INSERT INTO "Users" ("Name", "Email",  "Password") VALUES ('3', 'test3@gmail.com, 'password');
-- INSERT INTO "Users" ("Name", "Email",  "Password") VALUES ('4', 'test4@gmail.com', 'password');


-- INSERT INTO "DashQueries" ("DashId", "QueryContent", "QueryTimeStamp") VALUES (1, 'dogs', '2020-01-01 06:01:00');
-- INSERT INTO "DashQueries" ("DashId", "QueryContent", "QueryTimeStamp") VALUES (1, 'coffee', '2020-01-01 06:01:00');
-- INSERT INTO "DashQueries" ("DashId", "QueryContent", "QueryTimeStamp") VALUES (1, 'cats', '2020-01-01 06:01:00');

-- INSERT INTO "DashQueries" ("DashId", "QueryContent", "QueryTimeStamp") VALUES (2, 'dogs', '2020-01-01 06:01:00');
-- INSERT INTO "DashQueries" ("DashId", "QueryContent", "QueryTimeStamp") VALUES (2, 'coffee', '2020-01-01 06:01:00');
-- INSERT INTO "DashQueries" ("DashId", "QueryContent", "QueryTimeStamp") VALUES (2, 'cats', '2020-01-01 06:01:00');

-- INSERT INTO "DashQueries" ("DashId", "QueryContent", "QueryTimeStamp") VALUES (3, 'dogs', '2020-01-01 06:01:00');
-- INSERT INTO "DashQueries" ("DashId", "QueryContent", "QueryTimeStamp") VALUES (3, 'coffee', '2020-01-01 06:01:00');
-- INSERT INTO "DashQueries" ("DashId", "QueryContent", "QueryTimeStamp") VALUES (3, 'cats', '2020-01-01 06:01:00');

-- INSERT INTO "DashQueries" ("DashId", "QueryContent", "QueryTimeStamp") VALUES (4, 'dogs', '2020-01-01 06:01:00');
-- INSERT INTO "DashQueries" ("DashId", "QueryContent", "QueryTimeStamp") VALUES (4, 'coffee', '2020-01-01 06:01:00');
-- INSERT INTO "DashQueries" ("DashId", "QueryContent", "QueryTimeStamp") VALUES (4, 'cats', '2020-01-01 06:01:00');

-------------------------------------------------------------


-- INSERT INTO "DashQueries" ("DashId", "QueryContent", "QueryTimeStamp") VALUES (1, 'dogs', '2020-01-01 06:01:00', `{"_type":"SearchResponse","queryContext":{"originalQuery":"Microsoft Cognitive Services"},"webPages":{"webSearchUrl":"https://www.bing.com/search?q=Microsoft+cognitive+services","totalEstimatedMatches":22300000,"value":[{"id":"https://api.cognitive.microsoft.com/api/v7/#WebPages.0","name":"Microsoft Cognitive Services","url":"https://www.microsoft.com/cognitive-services","displayUrl":"https://www.microsoft.com/cognitive-services","snippet":"Knock down barriers between you and your ideas. Enable natural and contextual interaction with tools that augment users' experiences via the power of machine-based AI. Plug them in and bring your ideas to life.","deepLinks":[{"name":"Face","url":"https://azure.microsoft.com/services/cognitive-services/face/","snippet":"Add facial recognition to your applications to detect, identify, and verify faces using the Face service from Microsoft Azure. ... Cognitive Services; Face service;"},{"name":"Text Analytics","url":"https://azure.microsoft.com/services/cognitive-services/text-analytics/","snippet":"Cognitive Services; Text Analytics API; Text Analytics API . Detect sentiment, ... you agree that Microsoft may store it and use it to improve Microsoft services, ..."},{"name":"Computer Vision API","url":"https://azure.microsoft.com/services/cognitive-services/computer-vision/","snippet":"Extract the data you need from images using optical character recognition and image analytics with Computer Vision APIs from Microsoft Azure."},{"name":"Emotion","url":"https://www.microsoft.com/cognitive-services/en-us/emotion-api","snippet":"Cognitive Services Emotion API - microsoft.com"},{"name":"Bing Speech API","url":"https://azure.microsoft.com/services/cognitive-services/speech/","snippet":"Add speech recognition to your applications, including text to speech, with a speech API from Microsoft Azure. ... Cognitive Services; Bing Speech API;"},{"name":"Get Started for Free","url":"https://azure.microsoft.com/services/cognitive-services/","snippet":"Add vision, speech, language, and knowledge capabilities to your applications using intelligence APIs and SDKs from Cognitive Services."}]}]},"relatedSearches":{"id":"https://api.cognitive.microsoft.com/api/v7/#RelatedSearches","value":[{"text":"microsoft bot framework","displayText":"microsoft bot framework","webSearchUrl":"https://www.bing.com/search?q=microsoft+bot+framework"},{"text":"microsoft cognitive services youtube","displayText":"microsoft cognitive services youtube","webSearchUrl":"https://www.bing.com/search?q=microsoft+cognitive+services+youtube"},{"text":"microsoft cognitive services search api","displayText":"microsoft cognitive services search api","webSearchUrl":"https://www.bing.com/search?q=microsoft+cognitive+services+search+api"},{"text":"microsoft cognitive services news","displayText":"microsoft cognitive services news","webSearchUrl":"https://www.bing.com/search?q=microsoft+cognitive+services+news"},{"text":"ms cognitive service","displayText":"ms cognitive service","webSearchUrl":"https://www.bing.com/search?q=ms+cognitive+service"},{"text":"microsoft cognitive services text analytics","displayText":"microsoft cognitive services text analytics","webSearchUrl":"https://www.bing.com/search?q=microsoft+cognitive+services+text+analytics"},{"text":"microsoft cognitive services toolkit","displayText":"microsoft cognitive services toolkit","webSearchUrl":"https://www.bing.com/search?q=microsoft+cognitive+services+toolkit"},{"text":"microsoft cognitive services api","displayText":"microsoft cognitive services api","webSearchUrl":"https://www.bing.com/search?q=microsoft+cognitive+services+api"}]},"rankingResponse":{"mainline":{"items":[{"answerType":"WebPages","resultIndex":0,"value":{"id":"https://api.cognitive.microsoft.com/api/v7/#WebPages.0"}}]},"sidebar":{"items":[{"answerType":"RelatedSearches","value":{"id":"https://api.cognitive.microsoft.com/api/v7/#RelatedSearches"}}]}}}`);
-- INSERT INTO "DashQueries" ("DashId", "QueryContent", "QueryTimeStamp") VALUES (1, 'coffee', '2020-01-01 06:01:00', `{"_type":"SearchResponse","queryContext":{"originalQuery":"Microsoft Cognitive Services"},"webPages":{"webSearchUrl":"https://www.bing.com/search?q=Microsoft+cognitive+services","totalEstimatedMatches":22300000,"value":[{"id":"https://api.cognitive.microsoft.com/api/v7/#WebPages.0","name":"Microsoft Cognitive Services","url":"https://www.microsoft.com/cognitive-services","displayUrl":"https://www.microsoft.com/cognitive-services","snippet":"Knock down barriers between you and your ideas. Enable natural and contextual interaction with tools that augment users' experiences via the power of machine-based AI. Plug them in and bring your ideas to life.","deepLinks":[{"name":"Face","url":"https://azure.microsoft.com/services/cognitive-services/face/","snippet":"Add facial recognition to your applications to detect, identify, and verify faces using the Face service from Microsoft Azure. ... Cognitive Services; Face service;"},{"name":"Text Analytics","url":"https://azure.microsoft.com/services/cognitive-services/text-analytics/","snippet":"Cognitive Services; Text Analytics API; Text Analytics API . Detect sentiment, ... you agree that Microsoft may store it and use it to improve Microsoft services, ..."},{"name":"Computer Vision API","url":"https://azure.microsoft.com/services/cognitive-services/computer-vision/","snippet":"Extract the data you need from images using optical character recognition and image analytics with Computer Vision APIs from Microsoft Azure."},{"name":"Emotion","url":"https://www.microsoft.com/cognitive-services/en-us/emotion-api","snippet":"Cognitive Services Emotion API - microsoft.com"},{"name":"Bing Speech API","url":"https://azure.microsoft.com/services/cognitive-services/speech/","snippet":"Add speech recognition to your applications, including text to speech, with a speech API from Microsoft Azure. ... Cognitive Services; Bing Speech API;"},{"name":"Get Started for Free","url":"https://azure.microsoft.com/services/cognitive-services/","snippet":"Add vision, speech, language, and knowledge capabilities to your applications using intelligence APIs and SDKs from Cognitive Services."}]}]},"relatedSearches":{"id":"https://api.cognitive.microsoft.com/api/v7/#RelatedSearches","value":[{"text":"microsoft bot framework","displayText":"microsoft bot framework","webSearchUrl":"https://www.bing.com/search?q=microsoft+bot+framework"},{"text":"microsoft cognitive services youtube","displayText":"microsoft cognitive services youtube","webSearchUrl":"https://www.bing.com/search?q=microsoft+cognitive+services+youtube"},{"text":"microsoft cognitive services search api","displayText":"microsoft cognitive services search api","webSearchUrl":"https://www.bing.com/search?q=microsoft+cognitive+services+search+api"},{"text":"microsoft cognitive services news","displayText":"microsoft cognitive services news","webSearchUrl":"https://www.bing.com/search?q=microsoft+cognitive+services+news"},{"text":"ms cognitive service","displayText":"ms cognitive service","webSearchUrl":"https://www.bing.com/search?q=ms+cognitive+service"},{"text":"microsoft cognitive services text analytics","displayText":"microsoft cognitive services text analytics","webSearchUrl":"https://www.bing.com/search?q=microsoft+cognitive+services+text+analytics"},{"text":"microsoft cognitive services toolkit","displayText":"microsoft cognitive services toolkit","webSearchUrl":"https://www.bing.com/search?q=microsoft+cognitive+services+toolkit"},{"text":"microsoft cognitive services api","displayText":"microsoft cognitive services api","webSearchUrl":"https://www.bing.com/search?q=microsoft+cognitive+services+api"}]},"rankingResponse":{"mainline":{"items":[{"answerType":"WebPages","resultIndex":0,"value":{"id":"https://api.cognitive.microsoft.com/api/v7/#WebPages.0"}}]},"sidebar":{"items":[{"answerType":"RelatedSearches","value":{"id":"https://api.cognitive.microsoft.com/api/v7/#RelatedSearches"}}]}}}`);
-- INSERT INTO "DashQueries" ("DashId", "QueryContent", "QueryTimeStamp") VALUES (1, 'cats', '2020-01-01 06:01:00', `{"_type":"SearchResponse","queryContext":{"originalQuery":"Microsoft Cognitive Services"},"webPages":{"webSearchUrl":"https://www.bing.com/search?q=Microsoft+cognitive+services","totalEstimatedMatches":22300000,"value":[{"id":"https://api.cognitive.microsoft.com/api/v7/#WebPages.0","name":"Microsoft Cognitive Services","url":"https://www.microsoft.com/cognitive-services","displayUrl":"https://www.microsoft.com/cognitive-services","snippet":"Knock down barriers between you and your ideas. Enable natural and contextual interaction with tools that augment users' experiences via the power of machine-based AI. Plug them in and bring your ideas to life.","deepLinks":[{"name":"Face","url":"https://azure.microsoft.com/services/cognitive-services/face/","snippet":"Add facial recognition to your applications to detect, identify, and verify faces using the Face service from Microsoft Azure. ... Cognitive Services; Face service;"},{"name":"Text Analytics","url":"https://azure.microsoft.com/services/cognitive-services/text-analytics/","snippet":"Cognitive Services; Text Analytics API; Text Analytics API . Detect sentiment, ... you agree that Microsoft may store it and use it to improve Microsoft services, ..."},{"name":"Computer Vision API","url":"https://azure.microsoft.com/services/cognitive-services/computer-vision/","snippet":"Extract the data you need from images using optical character recognition and image analytics with Computer Vision APIs from Microsoft Azure."},{"name":"Emotion","url":"https://www.microsoft.com/cognitive-services/en-us/emotion-api","snippet":"Cognitive Services Emotion API - microsoft.com"},{"name":"Bing Speech API","url":"https://azure.microsoft.com/services/cognitive-services/speech/","snippet":"Add speech recognition to your applications, including text to speech, with a speech API from Microsoft Azure. ... Cognitive Services; Bing Speech API;"},{"name":"Get Started for Free","url":"https://azure.microsoft.com/services/cognitive-services/","snippet":"Add vision, speech, language, and knowledge capabilities to your applications using intelligence APIs and SDKs from Cognitive Services."}]}]},"relatedSearches":{"id":"https://api.cognitive.microsoft.com/api/v7/#RelatedSearches","value":[{"text":"microsoft bot framework","displayText":"microsoft bot framework","webSearchUrl":"https://www.bing.com/search?q=microsoft+bot+framework"},{"text":"microsoft cognitive services youtube","displayText":"microsoft cognitive services youtube","webSearchUrl":"https://www.bing.com/search?q=microsoft+cognitive+services+youtube"},{"text":"microsoft cognitive services search api","displayText":"microsoft cognitive services search api","webSearchUrl":"https://www.bing.com/search?q=microsoft+cognitive+services+search+api"},{"text":"microsoft cognitive services news","displayText":"microsoft cognitive services news","webSearchUrl":"https://www.bing.com/search?q=microsoft+cognitive+services+news"},{"text":"ms cognitive service","displayText":"ms cognitive service","webSearchUrl":"https://www.bing.com/search?q=ms+cognitive+service"},{"text":"microsoft cognitive services text analytics","displayText":"microsoft cognitive services text analytics","webSearchUrl":"https://www.bing.com/search?q=microsoft+cognitive+services+text+analytics"},{"text":"microsoft cognitive services toolkit","displayText":"microsoft cognitive services toolkit","webSearchUrl":"https://www.bing.com/search?q=microsoft+cognitive+services+toolkit"},{"text":"microsoft cognitive services api","displayText":"microsoft cognitive services api","webSearchUrl":"https://www.bing.com/search?q=microsoft+cognitive+services+api"}]},"rankingResponse":{"mainline":{"items":[{"answerType":"WebPages","resultIndex":0,"value":{"id":"https://api.cognitive.microsoft.com/api/v7/#WebPages.0"}}]},"sidebar":{"items":[{"answerType":"RelatedSearches","value":{"id":"https://api.cognitive.microsoft.com/api/v7/#RelatedSearches"}}]}}}`);

-- INSERT INTO "DashQueries" ("DashId", "QueryContent", "QueryTimeStamp") VALUES (2, 'dogs', '2020-01-01 06:01:00', `{"_type":"SearchResponse","queryContext":{"originalQuery":"Microsoft Cognitive Services"},"webPages":{"webSearchUrl":"https://www.bing.com/search?q=Microsoft+cognitive+services","totalEstimatedMatches":22300000,"value":[{"id":"https://api.cognitive.microsoft.com/api/v7/#WebPages.0","name":"Microsoft Cognitive Services","url":"https://www.microsoft.com/cognitive-services","displayUrl":"https://www.microsoft.com/cognitive-services","snippet":"Knock down barriers between you and your ideas. Enable natural and contextual interaction with tools that augment users' experiences via the power of machine-based AI. Plug them in and bring your ideas to life.","deepLinks":[{"name":"Face","url":"https://azure.microsoft.com/services/cognitive-services/face/","snippet":"Add facial recognition to your applications to detect, identify, and verify faces using the Face service from Microsoft Azure. ... Cognitive Services; Face service;"},{"name":"Text Analytics","url":"https://azure.microsoft.com/services/cognitive-services/text-analytics/","snippet":"Cognitive Services; Text Analytics API; Text Analytics API . Detect sentiment, ... you agree that Microsoft may store it and use it to improve Microsoft services, ..."},{"name":"Computer Vision API","url":"https://azure.microsoft.com/services/cognitive-services/computer-vision/","snippet":"Extract the data you need from images using optical character recognition and image analytics with Computer Vision APIs from Microsoft Azure."},{"name":"Emotion","url":"https://www.microsoft.com/cognitive-services/en-us/emotion-api","snippet":"Cognitive Services Emotion API - microsoft.com"},{"name":"Bing Speech API","url":"https://azure.microsoft.com/services/cognitive-services/speech/","snippet":"Add speech recognition to your applications, including text to speech, with a speech API from Microsoft Azure. ... Cognitive Services; Bing Speech API;"},{"name":"Get Started for Free","url":"https://azure.microsoft.com/services/cognitive-services/","snippet":"Add vision, speech, language, and knowledge capabilities to your applications using intelligence APIs and SDKs from Cognitive Services."}]}]},"relatedSearches":{"id":"https://api.cognitive.microsoft.com/api/v7/#RelatedSearches","value":[{"text":"microsoft bot framework","displayText":"microsoft bot framework","webSearchUrl":"https://www.bing.com/search?q=microsoft+bot+framework"},{"text":"microsoft cognitive services youtube","displayText":"microsoft cognitive services youtube","webSearchUrl":"https://www.bing.com/search?q=microsoft+cognitive+services+youtube"},{"text":"microsoft cognitive services search api","displayText":"microsoft cognitive services search api","webSearchUrl":"https://www.bing.com/search?q=microsoft+cognitive+services+search+api"},{"text":"microsoft cognitive services news","displayText":"microsoft cognitive services news","webSearchUrl":"https://www.bing.com/search?q=microsoft+cognitive+services+news"},{"text":"ms cognitive service","displayText":"ms cognitive service","webSearchUrl":"https://www.bing.com/search?q=ms+cognitive+service"},{"text":"microsoft cognitive services text analytics","displayText":"microsoft cognitive services text analytics","webSearchUrl":"https://www.bing.com/search?q=microsoft+cognitive+services+text+analytics"},{"text":"microsoft cognitive services toolkit","displayText":"microsoft cognitive services toolkit","webSearchUrl":"https://www.bing.com/search?q=microsoft+cognitive+services+toolkit"},{"text":"microsoft cognitive services api","displayText":"microsoft cognitive services api","webSearchUrl":"https://www.bing.com/search?q=microsoft+cognitive+services+api"}]},"rankingResponse":{"mainline":{"items":[{"answerType":"WebPages","resultIndex":0,"value":{"id":"https://api.cognitive.microsoft.com/api/v7/#WebPages.0"}}]},"sidebar":{"items":[{"answerType":"RelatedSearches","value":{"id":"https://api.cognitive.microsoft.com/api/v7/#RelatedSearches"}}]}}}`);
-- INSERT INTO "DashQueries" ("DashId", "QueryContent", "QueryTimeStamp") VALUES (2, 'coffee', '2020-01-01 06:01:00', `{"_type":"SearchResponse","queryContext":{"originalQuery":"Microsoft Cognitive Services"},"webPages":{"webSearchUrl":"https://www.bing.com/search?q=Microsoft+cognitive+services","totalEstimatedMatches":22300000,"value":[{"id":"https://api.cognitive.microsoft.com/api/v7/#WebPages.0","name":"Microsoft Cognitive Services","url":"https://www.microsoft.com/cognitive-services","displayUrl":"https://www.microsoft.com/cognitive-services","snippet":"Knock down barriers between you and your ideas. Enable natural and contextual interaction with tools that augment users' experiences via the power of machine-based AI. Plug them in and bring your ideas to life.","deepLinks":[{"name":"Face","url":"https://azure.microsoft.com/services/cognitive-services/face/","snippet":"Add facial recognition to your applications to detect, identify, and verify faces using the Face service from Microsoft Azure. ... Cognitive Services; Face service;"},{"name":"Text Analytics","url":"https://azure.microsoft.com/services/cognitive-services/text-analytics/","snippet":"Cognitive Services; Text Analytics API; Text Analytics API . Detect sentiment, ... you agree that Microsoft may store it and use it to improve Microsoft services, ..."},{"name":"Computer Vision API","url":"https://azure.microsoft.com/services/cognitive-services/computer-vision/","snippet":"Extract the data you need from images using optical character recognition and image analytics with Computer Vision APIs from Microsoft Azure."},{"name":"Emotion","url":"https://www.microsoft.com/cognitive-services/en-us/emotion-api","snippet":"Cognitive Services Emotion API - microsoft.com"},{"name":"Bing Speech API","url":"https://azure.microsoft.com/services/cognitive-services/speech/","snippet":"Add speech recognition to your applications, including text to speech, with a speech API from Microsoft Azure. ... Cognitive Services; Bing Speech API;"},{"name":"Get Started for Free","url":"https://azure.microsoft.com/services/cognitive-services/","snippet":"Add vision, speech, language, and knowledge capabilities to your applications using intelligence APIs and SDKs from Cognitive Services."}]}]},"relatedSearches":{"id":"https://api.cognitive.microsoft.com/api/v7/#RelatedSearches","value":[{"text":"microsoft bot framework","displayText":"microsoft bot framework","webSearchUrl":"https://www.bing.com/search?q=microsoft+bot+framework"},{"text":"microsoft cognitive services youtube","displayText":"microsoft cognitive services youtube","webSearchUrl":"https://www.bing.com/search?q=microsoft+cognitive+services+youtube"},{"text":"microsoft cognitive services search api","displayText":"microsoft cognitive services search api","webSearchUrl":"https://www.bing.com/search?q=microsoft+cognitive+services+search+api"},{"text":"microsoft cognitive services news","displayText":"microsoft cognitive services news","webSearchUrl":"https://www.bing.com/search?q=microsoft+cognitive+services+news"},{"text":"ms cognitive service","displayText":"ms cognitive service","webSearchUrl":"https://www.bing.com/search?q=ms+cognitive+service"},{"text":"microsoft cognitive services text analytics","displayText":"microsoft cognitive services text analytics","webSearchUrl":"https://www.bing.com/search?q=microsoft+cognitive+services+text+analytics"},{"text":"microsoft cognitive services toolkit","displayText":"microsoft cognitive services toolkit","webSearchUrl":"https://www.bing.com/search?q=microsoft+cognitive+services+toolkit"},{"text":"microsoft cognitive services api","displayText":"microsoft cognitive services api","webSearchUrl":"https://www.bing.com/search?q=microsoft+cognitive+services+api"}]},"rankingResponse":{"mainline":{"items":[{"answerType":"WebPages","resultIndex":0,"value":{"id":"https://api.cognitive.microsoft.com/api/v7/#WebPages.0"}}]},"sidebar":{"items":[{"answerType":"RelatedSearches","value":{"id":"https://api.cognitive.microsoft.com/api/v7/#RelatedSearches"}}]}}}` );
-- INSERT INTO "DashQueries" ("DashId", "QueryContent", "QueryTimeStamp") VALUES (2, 'cats', '2020-01-01 06:01:00', `{"_type":"SearchResponse","queryContext":{"originalQuery":"Microsoft Cognitive Services"},"webPages":{"webSearchUrl":"https://www.bing.com/search?q=Microsoft+cognitive+services","totalEstimatedMatches":22300000,"value":[{"id":"https://api.cognitive.microsoft.com/api/v7/#WebPages.0","name":"Microsoft Cognitive Services","url":"https://www.microsoft.com/cognitive-services","displayUrl":"https://www.microsoft.com/cognitive-services","snippet":"Knock down barriers between you and your ideas. Enable natural and contextual interaction with tools that augment users' experiences via the power of machine-based AI. Plug them in and bring your ideas to life.","deepLinks":[{"name":"Face","url":"https://azure.microsoft.com/services/cognitive-services/face/","snippet":"Add facial recognition to your applications to detect, identify, and verify faces using the Face service from Microsoft Azure. ... Cognitive Services; Face service;"},{"name":"Text Analytics","url":"https://azure.microsoft.com/services/cognitive-services/text-analytics/","snippet":"Cognitive Services; Text Analytics API; Text Analytics API . Detect sentiment, ... you agree that Microsoft may store it and use it to improve Microsoft services, ..."},{"name":"Computer Vision API","url":"https://azure.microsoft.com/services/cognitive-services/computer-vision/","snippet":"Extract the data you need from images using optical character recognition and image analytics with Computer Vision APIs from Microsoft Azure."},{"name":"Emotion","url":"https://www.microsoft.com/cognitive-services/en-us/emotion-api","snippet":"Cognitive Services Emotion API - microsoft.com"},{"name":"Bing Speech API","url":"https://azure.microsoft.com/services/cognitive-services/speech/","snippet":"Add speech recognition to your applications, including text to speech, with a speech API from Microsoft Azure. ... Cognitive Services; Bing Speech API;"},{"name":"Get Started for Free","url":"https://azure.microsoft.com/services/cognitive-services/","snippet":"Add vision, speech, language, and knowledge capabilities to your applications using intelligence APIs and SDKs from Cognitive Services."}]}]},"relatedSearches":{"id":"https://api.cognitive.microsoft.com/api/v7/#RelatedSearches","value":[{"text":"microsoft bot framework","displayText":"microsoft bot framework","webSearchUrl":"https://www.bing.com/search?q=microsoft+bot+framework"},{"text":"microsoft cognitive services youtube","displayText":"microsoft cognitive services youtube","webSearchUrl":"https://www.bing.com/search?q=microsoft+cognitive+services+youtube"},{"text":"microsoft cognitive services search api","displayText":"microsoft cognitive services search api","webSearchUrl":"https://www.bing.com/search?q=microsoft+cognitive+services+search+api"},{"text":"microsoft cognitive services news","displayText":"microsoft cognitive services news","webSearchUrl":"https://www.bing.com/search?q=microsoft+cognitive+services+news"},{"text":"ms cognitive service","displayText":"ms cognitive service","webSearchUrl":"https://www.bing.com/search?q=ms+cognitive+service"},{"text":"microsoft cognitive services text analytics","displayText":"microsoft cognitive services text analytics","webSearchUrl":"https://www.bing.com/search?q=microsoft+cognitive+services+text+analytics"},{"text":"microsoft cognitive services toolkit","displayText":"microsoft cognitive services toolkit","webSearchUrl":"https://www.bing.com/search?q=microsoft+cognitive+services+toolkit"},{"text":"microsoft cognitive services api","displayText":"microsoft cognitive services api","webSearchUrl":"https://www.bing.com/search?q=microsoft+cognitive+services+api"}]},"rankingResponse":{"mainline":{"items":[{"answerType":"WebPages","resultIndex":0,"value":{"id":"https://api.cognitive.microsoft.com/api/v7/#WebPages.0"}}]},"sidebar":{"items":[{"answerType":"RelatedSearches","value":{"id":"https://api.cognitive.microsoft.com/api/v7/#RelatedSearches"}}]}}}`);

-- INSERT INTO "DashQueries" ("DashId", "QueryContent", "QueryTimeStamp") VALUES (3, 'dogs', '2020-01-01 06:01:00', `{"_type":"SearchResponse","queryContext":{"originalQuery":"Microsoft Cognitive Services"},"webPages":{"webSearchUrl":"https://www.bing.com/search?q=Microsoft+cognitive+services","totalEstimatedMatches":22300000,"value":[{"id":"https://api.cognitive.microsoft.com/api/v7/#WebPages.0","name":"Microsoft Cognitive Services","url":"https://www.microsoft.com/cognitive-services","displayUrl":"https://www.microsoft.com/cognitive-services","snippet":"Knock down barriers between you and your ideas. Enable natural and contextual interaction with tools that augment users' experiences via the power of machine-based AI. Plug them in and bring your ideas to life.","deepLinks":[{"name":"Face","url":"https://azure.microsoft.com/services/cognitive-services/face/","snippet":"Add facial recognition to your applications to detect, identify, and verify faces using the Face service from Microsoft Azure. ... Cognitive Services; Face service;"},{"name":"Text Analytics","url":"https://azure.microsoft.com/services/cognitive-services/text-analytics/","snippet":"Cognitive Services; Text Analytics API; Text Analytics API . Detect sentiment, ... you agree that Microsoft may store it and use it to improve Microsoft services, ..."},{"name":"Computer Vision API","url":"https://azure.microsoft.com/services/cognitive-services/computer-vision/","snippet":"Extract the data you need from images using optical character recognition and image analytics with Computer Vision APIs from Microsoft Azure."},{"name":"Emotion","url":"https://www.microsoft.com/cognitive-services/en-us/emotion-api","snippet":"Cognitive Services Emotion API - microsoft.com"},{"name":"Bing Speech API","url":"https://azure.microsoft.com/services/cognitive-services/speech/","snippet":"Add speech recognition to your applications, including text to speech, with a speech API from Microsoft Azure. ... Cognitive Services; Bing Speech API;"},{"name":"Get Started for Free","url":"https://azure.microsoft.com/services/cognitive-services/","snippet":"Add vision, speech, language, and knowledge capabilities to your applications using intelligence APIs and SDKs from Cognitive Services."}]}]},"relatedSearches":{"id":"https://api.cognitive.microsoft.com/api/v7/#RelatedSearches","value":[{"text":"microsoft bot framework","displayText":"microsoft bot framework","webSearchUrl":"https://www.bing.com/search?q=microsoft+bot+framework"},{"text":"microsoft cognitive services youtube","displayText":"microsoft cognitive services youtube","webSearchUrl":"https://www.bing.com/search?q=microsoft+cognitive+services+youtube"},{"text":"microsoft cognitive services search api","displayText":"microsoft cognitive services search api","webSearchUrl":"https://www.bing.com/search?q=microsoft+cognitive+services+search+api"},{"text":"microsoft cognitive services news","displayText":"microsoft cognitive services news","webSearchUrl":"https://www.bing.com/search?q=microsoft+cognitive+services+news"},{"text":"ms cognitive service","displayText":"ms cognitive service","webSearchUrl":"https://www.bing.com/search?q=ms+cognitive+service"},{"text":"microsoft cognitive services text analytics","displayText":"microsoft cognitive services text analytics","webSearchUrl":"https://www.bing.com/search?q=microsoft+cognitive+services+text+analytics"},{"text":"microsoft cognitive services toolkit","displayText":"microsoft cognitive services toolkit","webSearchUrl":"https://www.bing.com/search?q=microsoft+cognitive+services+toolkit"},{"text":"microsoft cognitive services api","displayText":"microsoft cognitive services api","webSearchUrl":"https://www.bing.com/search?q=microsoft+cognitive+services+api"}]},"rankingResponse":{"mainline":{"items":[{"answerType":"WebPages","resultIndex":0,"value":{"id":"https://api.cognitive.microsoft.com/api/v7/#WebPages.0"}}]},"sidebar":{"items":[{"answerType":"RelatedSearches","value":{"id":"https://api.cognitive.microsoft.com/api/v7/#RelatedSearches"}}]}}}`);
-- INSERT INTO "DashQueries" ("DashId", "QueryContent", "QueryTimeStamp") VALUES (3, 'coffee', '2020-01-01 06:01:00', `{"_type":"SearchResponse","queryContext":{"originalQuery":"Microsoft Cognitive Services"},"webPages":{"webSearchUrl":"https://www.bing.com/search?q=Microsoft+cognitive+services","totalEstimatedMatches":22300000,"value":[{"id":"https://api.cognitive.microsoft.com/api/v7/#WebPages.0","name":"Microsoft Cognitive Services","url":"https://www.microsoft.com/cognitive-services","displayUrl":"https://www.microsoft.com/cognitive-services","snippet":"Knock down barriers between you and your ideas. Enable natural and contextual interaction with tools that augment users' experiences via the power of machine-based AI. Plug them in and bring your ideas to life.","deepLinks":[{"name":"Face","url":"https://azure.microsoft.com/services/cognitive-services/face/","snippet":"Add facial recognition to your applications to detect, identify, and verify faces using the Face service from Microsoft Azure. ... Cognitive Services; Face service;"},{"name":"Text Analytics","url":"https://azure.microsoft.com/services/cognitive-services/text-analytics/","snippet":"Cognitive Services; Text Analytics API; Text Analytics API . Detect sentiment, ... you agree that Microsoft may store it and use it to improve Microsoft services, ..."},{"name":"Computer Vision API","url":"https://azure.microsoft.com/services/cognitive-services/computer-vision/","snippet":"Extract the data you need from images using optical character recognition and image analytics with Computer Vision APIs from Microsoft Azure."},{"name":"Emotion","url":"https://www.microsoft.com/cognitive-services/en-us/emotion-api","snippet":"Cognitive Services Emotion API - microsoft.com"},{"name":"Bing Speech API","url":"https://azure.microsoft.com/services/cognitive-services/speech/","snippet":"Add speech recognition to your applications, including text to speech, with a speech API from Microsoft Azure. ... Cognitive Services; Bing Speech API;"},{"name":"Get Started for Free","url":"https://azure.microsoft.com/services/cognitive-services/","snippet":"Add vision, speech, language, and knowledge capabilities to your applications using intelligence APIs and SDKs from Cognitive Services."}]}]},"relatedSearches":{"id":"https://api.cognitive.microsoft.com/api/v7/#RelatedSearches","value":[{"text":"microsoft bot framework","displayText":"microsoft bot framework","webSearchUrl":"https://www.bing.com/search?q=microsoft+bot+framework"},{"text":"microsoft cognitive services youtube","displayText":"microsoft cognitive services youtube","webSearchUrl":"https://www.bing.com/search?q=microsoft+cognitive+services+youtube"},{"text":"microsoft cognitive services search api","displayText":"microsoft cognitive services search api","webSearchUrl":"https://www.bing.com/search?q=microsoft+cognitive+services+search+api"},{"text":"microsoft cognitive services news","displayText":"microsoft cognitive services news","webSearchUrl":"https://www.bing.com/search?q=microsoft+cognitive+services+news"},{"text":"ms cognitive service","displayText":"ms cognitive service","webSearchUrl":"https://www.bing.com/search?q=ms+cognitive+service"},{"text":"microsoft cognitive services text analytics","displayText":"microsoft cognitive services text analytics","webSearchUrl":"https://www.bing.com/search?q=microsoft+cognitive+services+text+analytics"},{"text":"microsoft cognitive services toolkit","displayText":"microsoft cognitive services toolkit","webSearchUrl":"https://www.bing.com/search?q=microsoft+cognitive+services+toolkit"},{"text":"microsoft cognitive services api","displayText":"microsoft cognitive services api","webSearchUrl":"https://www.bing.com/search?q=microsoft+cognitive+services+api"}]},"rankingResponse":{"mainline":{"items":[{"answerType":"WebPages","resultIndex":0,"value":{"id":"https://api.cognitive.microsoft.com/api/v7/#WebPages.0"}}]},"sidebar":{"items":[{"answerType":"RelatedSearches","value":{"id":"https://api.cognitive.microsoft.com/api/v7/#RelatedSearches"}}]}}}`);
-- INSERT INTO "DashQueries" ("DashId", "QueryContent", "QueryTimeStamp") VALUES (3, 'cats', '2020-01-01 06:01:00', `{"_type":"SearchResponse","queryContext":{"originalQuery":"Microsoft Cognitive Services"},"webPages":{"webSearchUrl":"https://www.bing.com/search?q=Microsoft+cognitive+services","totalEstimatedMatches":22300000,"value":[{"id":"https://api.cognitive.microsoft.com/api/v7/#WebPages.0","name":"Microsoft Cognitive Services","url":"https://www.microsoft.com/cognitive-services","displayUrl":"https://www.microsoft.com/cognitive-services","snippet":"Knock down barriers between you and your ideas. Enable natural and contextual interaction with tools that augment users' experiences via the power of machine-based AI. Plug them in and bring your ideas to life.","deepLinks":[{"name":"Face","url":"https://azure.microsoft.com/services/cognitive-services/face/","snippet":"Add facial recognition to your applications to detect, identify, and verify faces using the Face service from Microsoft Azure. ... Cognitive Services; Face service;"},{"name":"Text Analytics","url":"https://azure.microsoft.com/services/cognitive-services/text-analytics/","snippet":"Cognitive Services; Text Analytics API; Text Analytics API . Detect sentiment, ... you agree that Microsoft may store it and use it to improve Microsoft services, ..."},{"name":"Computer Vision API","url":"https://azure.microsoft.com/services/cognitive-services/computer-vision/","snippet":"Extract the data you need from images using optical character recognition and image analytics with Computer Vision APIs from Microsoft Azure."},{"name":"Emotion","url":"https://www.microsoft.com/cognitive-services/en-us/emotion-api","snippet":"Cognitive Services Emotion API - microsoft.com"},{"name":"Bing Speech API","url":"https://azure.microsoft.com/services/cognitive-services/speech/","snippet":"Add speech recognition to your applications, including text to speech, with a speech API from Microsoft Azure. ... Cognitive Services; Bing Speech API;"},{"name":"Get Started for Free","url":"https://azure.microsoft.com/services/cognitive-services/","snippet":"Add vision, speech, language, and knowledge capabilities to your applications using intelligence APIs and SDKs from Cognitive Services."}]}]},"relatedSearches":{"id":"https://api.cognitive.microsoft.com/api/v7/#RelatedSearches","value":[{"text":"microsoft bot framework","displayText":"microsoft bot framework","webSearchUrl":"https://www.bing.com/search?q=microsoft+bot+framework"},{"text":"microsoft cognitive services youtube","displayText":"microsoft cognitive services youtube","webSearchUrl":"https://www.bing.com/search?q=microsoft+cognitive+services+youtube"},{"text":"microsoft cognitive services search api","displayText":"microsoft cognitive services search api","webSearchUrl":"https://www.bing.com/search?q=microsoft+cognitive+services+search+api"},{"text":"microsoft cognitive services news","displayText":"microsoft cognitive services news","webSearchUrl":"https://www.bing.com/search?q=microsoft+cognitive+services+news"},{"text":"ms cognitive service","displayText":"ms cognitive service","webSearchUrl":"https://www.bing.com/search?q=ms+cognitive+service"},{"text":"microsoft cognitive services text analytics","displayText":"microsoft cognitive services text analytics","webSearchUrl":"https://www.bing.com/search?q=microsoft+cognitive+services+text+analytics"},{"text":"microsoft cognitive services toolkit","displayText":"microsoft cognitive services toolkit","webSearchUrl":"https://www.bing.com/search?q=microsoft+cognitive+services+toolkit"},{"text":"microsoft cognitive services api","displayText":"microsoft cognitive services api","webSearchUrl":"https://www.bing.com/search?q=microsoft+cognitive+services+api"}]},"rankingResponse":{"mainline":{"items":[{"answerType":"WebPages","resultIndex":0,"value":{"id":"https://api.cognitive.microsoft.com/api/v7/#WebPages.0"}}]},"sidebar":{"items":[{"answerType":"RelatedSearches","value":{"id":"https://api.cognitive.microsoft.com/api/v7/#RelatedSearches"}}]}}}`);

-- INSERT INTO "DashQueries" ("DashId", "QueryContent", "QueryTimeStamp") VALUES (4, 'dogs', '2020-01-01 06:01:00', `{"_type":"SearchResponse","queryContext":{"originalQuery":"Microsoft Cognitive Services"},"webPages":{"webSearchUrl":"https://www.bing.com/search?q=Microsoft+cognitive+services","totalEstimatedMatches":22300000,"value":[{"id":"https://api.cognitive.microsoft.com/api/v7/#WebPages.0","name":"Microsoft Cognitive Services","url":"https://www.microsoft.com/cognitive-services","displayUrl":"https://www.microsoft.com/cognitive-services","snippet":"Knock down barriers between you and your ideas. Enable natural and contextual interaction with tools that augment users' experiences via the power of machine-based AI. Plug them in and bring your ideas to life.","deepLinks":[{"name":"Face","url":"https://azure.microsoft.com/services/cognitive-services/face/","snippet":"Add facial recognition to your applications to detect, identify, and verify faces using the Face service from Microsoft Azure. ... Cognitive Services; Face service;"},{"name":"Text Analytics","url":"https://azure.microsoft.com/services/cognitive-services/text-analytics/","snippet":"Cognitive Services; Text Analytics API; Text Analytics API . Detect sentiment, ... you agree that Microsoft may store it and use it to improve Microsoft services, ..."},{"name":"Computer Vision API","url":"https://azure.microsoft.com/services/cognitive-services/computer-vision/","snippet":"Extract the data you need from images using optical character recognition and image analytics with Computer Vision APIs from Microsoft Azure."},{"name":"Emotion","url":"https://www.microsoft.com/cognitive-services/en-us/emotion-api","snippet":"Cognitive Services Emotion API - microsoft.com"},{"name":"Bing Speech API","url":"https://azure.microsoft.com/services/cognitive-services/speech/","snippet":"Add speech recognition to your applications, including text to speech, with a speech API from Microsoft Azure. ... Cognitive Services; Bing Speech API;"},{"name":"Get Started for Free","url":"https://azure.microsoft.com/services/cognitive-services/","snippet":"Add vision, speech, language, and knowledge capabilities to your applications using intelligence APIs and SDKs from Cognitive Services."}]}]},"relatedSearches":{"id":"https://api.cognitive.microsoft.com/api/v7/#RelatedSearches","value":[{"text":"microsoft bot framework","displayText":"microsoft bot framework","webSearchUrl":"https://www.bing.com/search?q=microsoft+bot+framework"},{"text":"microsoft cognitive services youtube","displayText":"microsoft cognitive services youtube","webSearchUrl":"https://www.bing.com/search?q=microsoft+cognitive+services+youtube"},{"text":"microsoft cognitive services search api","displayText":"microsoft cognitive services search api","webSearchUrl":"https://www.bing.com/search?q=microsoft+cognitive+services+search+api"},{"text":"microsoft cognitive services news","displayText":"microsoft cognitive services news","webSearchUrl":"https://www.bing.com/search?q=microsoft+cognitive+services+news"},{"text":"ms cognitive service","displayText":"ms cognitive service","webSearchUrl":"https://www.bing.com/search?q=ms+cognitive+service"},{"text":"microsoft cognitive services text analytics","displayText":"microsoft cognitive services text analytics","webSearchUrl":"https://www.bing.com/search?q=microsoft+cognitive+services+text+analytics"},{"text":"microsoft cognitive services toolkit","displayText":"microsoft cognitive services toolkit","webSearchUrl":"https://www.bing.com/search?q=microsoft+cognitive+services+toolkit"},{"text":"microsoft cognitive services api","displayText":"microsoft cognitive services api","webSearchUrl":"https://www.bing.com/search?q=microsoft+cognitive+services+api"}]},"rankingResponse":{"mainline":{"items":[{"answerType":"WebPages","resultIndex":0,"value":{"id":"https://api.cognitive.microsoft.com/api/v7/#WebPages.0"}}]},"sidebar":{"items":[{"answerType":"RelatedSearches","value":{"id":"https://api.cognitive.microsoft.com/api/v7/#RelatedSearches"}}]}}}`);
-- INSERT INTO "DashQueries" ("DashId", "QueryContent", "QueryTimeStamp") VALUES (4, 'coffee', '2020-01-01 06:01:00', `{"_type":"SearchResponse","queryContext":{"originalQuery":"Microsoft Cognitive Services"},"webPages":{"webSearchUrl":"https://www.bing.com/search?q=Microsoft+cognitive+services","totalEstimatedMatches":22300000,"value":[{"id":"https://api.cognitive.microsoft.com/api/v7/#WebPages.0","name":"Microsoft Cognitive Services","url":"https://www.microsoft.com/cognitive-services","displayUrl":"https://www.microsoft.com/cognitive-services","snippet":"Knock down barriers between you and your ideas. Enable natural and contextual interaction with tools that augment users' experiences via the power of machine-based AI. Plug them in and bring your ideas to life.","deepLinks":[{"name":"Face","url":"https://azure.microsoft.com/services/cognitive-services/face/","snippet":"Add facial recognition to your applications to detect, identify, and verify faces using the Face service from Microsoft Azure. ... Cognitive Services; Face service;"},{"name":"Text Analytics","url":"https://azure.microsoft.com/services/cognitive-services/text-analytics/","snippet":"Cognitive Services; Text Analytics API; Text Analytics API . Detect sentiment, ... you agree that Microsoft may store it and use it to improve Microsoft services, ..."},{"name":"Computer Vision API","url":"https://azure.microsoft.com/services/cognitive-services/computer-vision/","snippet":"Extract the data you need from images using optical character recognition and image analytics with Computer Vision APIs from Microsoft Azure."},{"name":"Emotion","url":"https://www.microsoft.com/cognitive-services/en-us/emotion-api","snippet":"Cognitive Services Emotion API - microsoft.com"},{"name":"Bing Speech API","url":"https://azure.microsoft.com/services/cognitive-services/speech/","snippet":"Add speech recognition to your applications, including text to speech, with a speech API from Microsoft Azure. ... Cognitive Services; Bing Speech API;"},{"name":"Get Started for Free","url":"https://azure.microsoft.com/services/cognitive-services/","snippet":"Add vision, speech, language, and knowledge capabilities to your applications using intelligence APIs and SDKs from Cognitive Services."}]}]},"relatedSearches":{"id":"https://api.cognitive.microsoft.com/api/v7/#RelatedSearches","value":[{"text":"microsoft bot framework","displayText":"microsoft bot framework","webSearchUrl":"https://www.bing.com/search?q=microsoft+bot+framework"},{"text":"microsoft cognitive services youtube","displayText":"microsoft cognitive services youtube","webSearchUrl":"https://www.bing.com/search?q=microsoft+cognitive+services+youtube"},{"text":"microsoft cognitive services search api","displayText":"microsoft cognitive services search api","webSearchUrl":"https://www.bing.com/search?q=microsoft+cognitive+services+search+api"},{"text":"microsoft cognitive services news","displayText":"microsoft cognitive services news","webSearchUrl":"https://www.bing.com/search?q=microsoft+cognitive+services+news"},{"text":"ms cognitive service","displayText":"ms cognitive service","webSearchUrl":"https://www.bing.com/search?q=ms+cognitive+service"},{"text":"microsoft cognitive services text analytics","displayText":"microsoft cognitive services text analytics","webSearchUrl":"https://www.bing.com/search?q=microsoft+cognitive+services+text+analytics"},{"text":"microsoft cognitive services toolkit","displayText":"microsoft cognitive services toolkit","webSearchUrl":"https://www.bing.com/search?q=microsoft+cognitive+services+toolkit"},{"text":"microsoft cognitive services api","displayText":"microsoft cognitive services api","webSearchUrl":"https://www.bing.com/search?q=microsoft+cognitive+services+api"}]},"rankingResponse":{"mainline":{"items":[{"answerType":"WebPages","resultIndex":0,"value":{"id":"https://api.cognitive.microsoft.com/api/v7/#WebPages.0"}}]},"sidebar":{"items":[{"answerType":"RelatedSearches","value":{"id":"https://api.cognitive.microsoft.com/api/v7/#RelatedSearches"}}]}}}`);
-- INSERT INTO "DashQueries" ("DashId", "QueryContent", "QueryTimeStamp") VALUES (4, 'cats', '2020-01-01 06:01:00', `{"_type":"SearchResponse","queryContext":{"originalQuery":"Microsoft Cognitive Services"},"webPages":{"webSearchUrl":"https://www.bing.com/search?q=Microsoft+cognitive+services","totalEstimatedMatches":22300000,"value":[{"id":"https://api.cognitive.microsoft.com/api/v7/#WebPages.0","name":"Microsoft Cognitive Services","url":"https://www.microsoft.com/cognitive-services","displayUrl":"https://www.microsoft.com/cognitive-services","snippet":"Knock down barriers between you and your ideas. Enable natural and contextual interaction with tools that augment users' experiences via the power of machine-based AI. Plug them in and bring your ideas to life.","deepLinks":[{"name":"Face","url":"https://azure.microsoft.com/services/cognitive-services/face/","snippet":"Add facial recognition to your applications to detect, identify, and verify faces using the Face service from Microsoft Azure. ... Cognitive Services; Face service;"},{"name":"Text Analytics","url":"https://azure.microsoft.com/services/cognitive-services/text-analytics/","snippet":"Cognitive Services; Text Analytics API; Text Analytics API . Detect sentiment, ... you agree that Microsoft may store it and use it to improve Microsoft services, ..."},{"name":"Computer Vision API","url":"https://azure.microsoft.com/services/cognitive-services/computer-vision/","snippet":"Extract the data you need from images using optical character recognition and image analytics with Computer Vision APIs from Microsoft Azure."},{"name":"Emotion","url":"https://www.microsoft.com/cognitive-services/en-us/emotion-api","snippet":"Cognitive Services Emotion API - microsoft.com"},{"name":"Bing Speech API","url":"https://azure.microsoft.com/services/cognitive-services/speech/","snippet":"Add speech recognition to your applications, including text to speech, with a speech API from Microsoft Azure. ... Cognitive Services; Bing Speech API;"},{"name":"Get Started for Free","url":"https://azure.microsoft.com/services/cognitive-services/","snippet":"Add vision, speech, language, and knowledge capabilities to your applications using intelligence APIs and SDKs from Cognitive Services."}]}]},"relatedSearches":{"id":"https://api.cognitive.microsoft.com/api/v7/#RelatedSearches","value":[{"text":"microsoft bot framework","displayText":"microsoft bot framework","webSearchUrl":"https://www.bing.com/search?q=microsoft+bot+framework"},{"text":"microsoft cognitive services youtube","displayText":"microsoft cognitive services youtube","webSearchUrl":"https://www.bing.com/search?q=microsoft+cognitive+services+youtube"},{"text":"microsoft cognitive services search api","displayText":"microsoft cognitive services search api","webSearchUrl":"https://www.bing.com/search?q=microsoft+cognitive+services+search+api"},{"text":"microsoft cognitive services news","displayText":"microsoft cognitive services news","webSearchUrl":"https://www.bing.com/search?q=microsoft+cognitive+services+news"},{"text":"ms cognitive service","displayText":"ms cognitive service","webSearchUrl":"https://www.bing.com/search?q=ms+cognitive+service"},{"text":"microsoft cognitive services text analytics","displayText":"microsoft cognitive services text analytics","webSearchUrl":"https://www.bing.com/search?q=microsoft+cognitive+services+text+analytics"},{"text":"microsoft cognitive services toolkit","displayText":"microsoft cognitive services toolkit","webSearchUrl":"https://www.bing.com/search?q=microsoft+cognitive+services+toolkit"},{"text":"microsoft cognitive services api","displayText":"microsoft cognitive services api","webSearchUrl":"https://www.bing.com/search?q=microsoft+cognitive+services+api"}]},"rankingResponse":{"mainline":{"items":[{"answerType":"WebPages","resultIndex":0,"value":{"id":"https://api.cognitive.microsoft.com/api/v7/#WebPages.0"}}]},"sidebar":{"items":[{"answerType":"RelatedSearches","value":{"id":"https://api.cognitive.microsoft.com/api/v7/#RelatedSearches"}}]}}}`);